Passenger 1 ID,Passenger 2 ID,Number of flights together,Passenger 1 First Name,Passenger 1 Last Name,Passenger 2 First Name,Passenger 2 Last Name
230,271,9,Glenn,Paul,Mariella,Kyoko
274,299,7,Valentine,Yang,Pamella,Odilia
905,993,7,Terrie,Gisela,Esther,Noel
1946,1971,6,Leone,Felecia,Mittie,Tricia
2405,2458,6,Opal,Murray,Arlean,Kareen
354,362,6,Alva,Logan,Hannelore,Vada
755,773,7,Frederic,Jasper,Tracey,Jessie
810,851,6,Ross,Estrella,Yuri,Anderson
3421,3477,9,Brittaney,Rosario,Adell,Joi
3635,3654,6,Josue,Kyra,Melony,Danette
4019,4020,6,German,May,Truman,Robin
4012,4059,8,Kristofer,Paige,Lester,Joannie
4011,4044,11,Abby,Sonia,Salvatore,Delila
4011,4042,7,Abby,Sonia,Crysta,Mari
1635,3093,7,Tiara,Creola,Theda,Rodrick
4285,4292,6,Audie,Reyna,Torie,Misha
4217,4223,7,Cindi,Alix,Lisette,Angle
1211,968,6,Mariah,Dalene,Camie,Taisha
1337,915,7,Kirby,Melvin,Arnita,Lenard
2221,3571,7,Kristy,Kaley,Ollie,Andrew
4468,4497,6,Son,Simone,Bette,Odell
2867,2939,9,Nathanial,Dusti,Jaleesa,Clement
2509,4656,9,Cassondra,Jude,Eden,Meg
2457,3677,7,Janise,Sharmaine,Olivia,Stephen
3173,4441,7,Sunshine,Scott,Robbin,Isiah
5311,5312,6,Faviola,Katie,Lenna,Lannie
5446,5477,6,Rosalyn,Claribel,Nicky,Sherman
5421,5495,7,Sharri,Eden,Laurine,Alesha
5429,5436,6,Sunday,Catharine,Romelia,Doreatha
2754,4329,6,Sona,Scarlett,Kyong,Anastacia
5668,5676,6,Gladis,Earlene,Josue,Mammie
5792,5797,6,Merideth,Hilario,Mason,Denita
5743,5767,6,Emeline,Kazuko,Stefanie,Tyra
1872,3396,7,Nancie,Cathern,Britni,Shawnta
1158,5204,6,Ozie,Augustine,Florence,Barbie
1884,6096,6,Juliane,Candance,Coleen,Heike
4316,6077,6,Senaida,Shawna,Kallie,Darci
5404,6059,6,Particia,Valery,Sari,Roselia
6864,6884,6,Marylyn,Nolan,Evangelina,Zula
4285,4554,7,Audie,Reyna,Loris,Allan
167,5743,6,Mona,Kassandra,Emeline,Kazuko
4876,878,6,Joan,Sanford,Latanya,Bernard
5993,997,6,Sachiko,Judi,Shameka,Crystle
8270,8280,6,Rufina,Maudie,Jacque,Jenell
5546,905,6,Vernon,Alethia,Terrie,Gisela
8965,8995,8,Denny,Amelia,Prudence,Jaye
3278,8158,10,Rochelle,Letha,France,Percy
3330,7866,6,Zella,Bennett,Edra,Lawerence
1747,8128,7,Angelique,Liliana,Elliott,Richard
1246,1831,9,Shaquita,Evon,Ginette,Shanell
5584,7662,6,Mikel,Deloise,Kayce,Dorethea
258,8299,9,Emmaline,Marcelle,Jeffrey,Rosalind
5596,6418,10,Magda,Stacee,Concha,Ethel
3589,9223,6,Lee,Ben,Chae,Kerstin
9364,9985,6,Willie,Marlen,Conchita,Refugio
7209,9066,8,Shery,Shella,Shelley,Deanna
4774,61,6,Myles,Ivan,Marcene,Dan
484,61,6,Roosevelt,Stephania,Marcene,Dan
1343,6777,6,Bennett,Staci,Tamara,Terresa
1715,5330,6,Carmel,Ronnie,Aletha,Gertrude
191,4202,6,Jeanice,Tia,Maye,Dianne
10325,10373,7,Sacha,Venice,Jamel,Hunter
10389,398,7,Alberto,Nu,Mario,Trinh
10535,10576,6,Felton,Ivory,Candie,Ana
3153,8158,6,Toney,Mathilde,France,Percy
7896,9466,6,Remedios,Jere,Bryon,Janett
1715,6560,7,Carmel,Ronnie,Rosy,Isabella
10701,10795,6,Percy,Wilton,Crystal,Corrina
10432,10937,6,Todd,Taunya,Concha,Gertude
10714,4451,7,Shaniqua,Rosann,Celesta,Lita
1189,4444,6,Zaida,Rudolph,Rubi,Guillermina
10644,1475,6,Alisha,Mitsuko,Ashly,Josue
2457,6468,6,Janise,Sharmaine,Lanie,France
4749,8595,6,Antonio,Katy,Emmaline,Yoko
3432,8424,7,Florine,Dona,Dani,Derick
3243,7919,6,Rae,Titus,Agnus,Melida
4737,6208,7,Ruthann,Patricia,Jone,Dorotha
11438,11719,6,Merri,Gregg,Napoleon,Zaida
5201,9101,8,Latina,Eleonora,Luigi,Tyron
10484,11883,6,Kareem,Hyon,Sherly,Glenn
11215,2046,6,Vinnie,Andre,Oda,Shondra
2258,8529,6,Brian,Florrie,Mike,Cortney
4957,6293,6,Donette,Deb,Irene,Lesia
13492,2408,6,Kris,Jordon,Bailey,Tiny
12555,8326,6,Cecilia,Annalee,Marta,Neida
3065,9355,6,Maximina,Arlette,Addie,James
360,395,6,Madonna,Whitney,Ashely,Bobbi
568,574,6,Loan,Devon,Jacqui,Odessa
763,768,6,Will,Chanelle,Grayce,Despina
1029,355,6,Donita,Katrina,Man,Astrid
1808,1865,7,Lara,Judi,Jeanice,Thora
2440,2457,6,Indira,Maureen,Janise,Sharmaine
716,751,9,Katrice,Hilde,Dottie,Lela
728,736,8,Ludie,Scot,George,Loura
1023,1053,9,Earle,Winona,So,Douglas
1548,1586,7,Karly,Concepcion,Catrina,Jimmy
2107,2124,6,Crista,Mercedes,Stephnie,Lesa
2746,2798,6,Kevin,Arnetta,Alethea,Lucilla
255,3180,6,Earl,Amira,Yvette,Peter
288,631,7,Pamila,Mavis,Miranda,Astrid
3471,740,7,Lucinda,Renae,Maisha,Piedad
4011,4017,7,Abby,Sonia,Lorina,Sanjuanita
1696,2867,8,Christiana,Rachelle,Nathanial,Dusti
2681,3123,6,Ned,Barbra,Mavis,Oretha
4017,4399,6,Lorina,Sanjuanita,Kevin,Nicole
4009,4364,8,Nelia,Teodoro,Cuc,Odell
3858,5333,6,Deonna,Martin,Cammy,Paul
5482,5490,6,Brittney,Jody,Toni,Winnifred
5419,5458,6,Idella,Miki,Madelyn,Andree
1005,2719,8,Dion,Tera,Kendall,Elodia
4083,5432,6,Pei,Twanna,Lovetta,Hugh
1351,780,6,Kyla,Ethelyn,Lou,Erika
4200,4237,6,Albert,Robby,Jerrie,George
5740,5742,8,Matha,William,Keiko,Raleigh
4942,6075,6,Ai,Ena,Elouise,Duncan
4990,5500,6,Concepcion,Renetta,Manual,Jesse
4990,6069,7,Concepcion,Renetta,Grover,Kai
4316,6096,6,Senaida,Shawna,Coleen,Heike
2560,3385,7,Cherryl,Kina,Dustin,Cornelius
7110,7180,6,Yvone,Vida,Lavelle,Celestina
1608,5934,6,Misti,Cornelius,Lakia,Nisha
2516,6159,7,Tamar,Claretta,Ingeborg,Elanor
1940,4249,6,Winnifred,Santo,Chi,Valeri
7866,8353,7,Edra,Lawerence,Davis,Williams
2504,7162,8,Melvin,Pamila,Alfonso,Dinah
4627,8411,7,Leigha,Lorita,Juliann,Cheryll
3950,4035,6,Octavio,Minh,Librada,Kenny
1677,901,7,Katherina,Vasiliki,Mabel,Mitzi
7662,95,7,Kayce,Dorethea,Kelly,Alton
8965,8986,6,Denny,Amelia,Charles,Lacy
1677,3503,8,Katherina,Vasiliki,Mammie,Rolland
6051,8803,7,Earline,Charles,Mayola,Catalina
2776,5509,6,Cortez,Morton,Cassondra,Danyelle
5787,6418,7,Kelly,Tyree,Concha,Ethel
9330,9353,8,Clark,Sam,Suzanne,Margo
9619,9690,6,Eartha,Dudley,Gwendolyn,Salena
4541,7162,11,Suzann,Clarita,Alfonso,Dinah
4502,9532,6,Thea,Yolando,Florine,Dorene
3028,6560,6,Mary,Jacob,Rosy,Isabella
10267,10271,6,Earnestine,Aisha,Colby,Cordelia
4451,9699,6,Celesta,Lita,Exie,Lester
2336,5330,6,Elba,Jeannette,Aletha,Gertrude
2346,8169,6,Shirley,Leesa,Gia,Avery
8078,9822,6,Vicky,Edwin,Carl,Ima
5356,7520,7,Karri,Jaymie,Blair,Kitty
5238,6515,7,Noella,Myrna,Pauletta,Denice
7951,9992,6,Elwanda,Ethelene,Jacinta,Lakesha
2012,9700,6,Winford,Beatris,Peter,Sonny
10719,10785,8,Rosendo,Toby,Sharonda,Marinda
11041,11074,6,Iola,Mui,Lenita,Willene
10346,3975,6,Nicholle,Lasandra,Tameka,Adria
11871,11874,6,Sebastian,Andreas,Tomika,Kara
11939,11965,7,Pam,Ardelia,Carmela,Eusebia
2489,5696,7,Kirk,Lizbeth,Margarete,Filomena
11280,4827,6,Setsuko,Jason,Jaime,Renay
10767,6777,6,Eula,Carlyn,Tamara,Terresa
2437,5096,7,Charlyn,Wynona,Blythe,Hyon
13215,13277,6,Noella,Clotilde,Edythe,Bonny
6616,6882,6,Claud,Genoveva,Kittie,Jutta
13637,3910,7,Lizbeth,Zola,Matilda,Glayds
12323,7099,6,Marry,Hollie,Kasey,Mandie
13571,2588,7,Sally,Tempie,Latina,Masako
7099,9540,6,Kasey,Mandie,Rhoda,Gavin
2092,8556,6,Gerardo,Iraida,Loyce,Kelle
1001,759,6,Khadijah,Amalia,Peg,Henrietta
730,766,6,Hedwig,Verna,Carlton,Ronnie
701,792,6,Laverne,Janyce,Emilie,Earleen
2131,2182,8,Herma,Willie,Lizette,Colton
2106,2112,7,Raul,Kathie,Hunter,Shantay
2221,2279,6,Kristy,Kaley,Corine,Melony
293,3123,6,Vergie,Suzi,Mavis,Oretha
248,3104,6,Elton,Vance,Dusty,Joan
3651,3694,7,Alayna,Reena,Rosaria,Meryl
4009,4083,10,Nelia,Teodoro,Pei,Twanna
247,3188,9,Jama,Errol,Anisha,Sueann
2175,3188,6,Eloy,Courtney,Anisha,Sueann
1053,3188,7,So,Douglas,Anisha,Sueann
1352,1563,6,Doretta,Tarah,Jule,Alanna
3117,690,7,Sena,Reita,Joleen,Ladonna
1371,2789,6,Kathlyn,Lorita,Kirstin,Eric
5025,5053,6,Youlanda,Jule,Bruna,Arnold
2223,2441,10,Fernando,Carlie,Kayla,Rufus
3865,5315,6,Long,Fay,Joyce,Laure
2867,5478,7,Nathanial,Dusti,Nerissa,Kimiko
4346,5422,6,Bobbie,Dortha,Keely,Nettie
4674,4969,9,Zenia,Nickie,Wilburn,Mariana
4412,4969,7,Kerri,Brenna,Wilburn,Mariana
3742,5873,6,Angelyn,Heidy,Ena,Yelena
6052,6080,6,Kristie,Carl,Camellia,Eunice
3615,4981,6,Rosalie,Zona,Jerrie,Vicente
1246,3609,6,Shaquita,Evon,Pete,Cammy
1568,4673,6,Marylouise,Winnie,Hildred,Lucia
5793,5927,7,Mariano,Yasmine,Nadene,Ollie
5494,6071,6,Terence,Junita,Lemuel,Natalia
4607,6077,6,Cristie,Mercedez,Kallie,Darci
3861,4903,6,Val,Selina,Annamaria,Abbie
6836,6848,6,Haley,Emeline,Mirtha,Myesha
6879,6891,6,Tony,Barbera,Chara,Abdul
6908,6927,7,Penelope,Hope,Alica,Gregorio
2088,3293,7,Adelaida,Precious,Carolina,Edmond
5788,5954,6,Sheldon,Arianne,Tyson,Lavinia
1329,3590,6,Krysten,Reagan,Isiah,Tyler
8007,8068,6,Kali,Valarie,Russel,Devon
479,5396,6,Maryanna,Katlyn,Caron,Versie
1053,732,7,So,Douglas,Sherita,Verona
2532,4584,8,Brynn,Joshua,Debera,Michale
477,6897,6,Mitsuko,Glennie,Normand,Cyndi
1544,8146,7,Verline,Wilhelmina,Lemuel,Peter
1677,2776,6,Katherina,Vasiliki,Cortez,Morton
7872,95,6,Camilla,Haywood,Kelly,Alton
6052,8411,7,Kristie,Carl,Juliann,Cheryll
9331,9359,7,Vennie,Florida,Glayds,Noreen
9906,9988,8,Kathryn,Rosalba,Oralee,Arminda
5942,7506,7,Eddie,Ione,Blair,Kaylene
497,61,6,Hettie,Katrina,Marcene,Dan
174,484,7,Mariel,Harley,Roosevelt,Stephania
4274,5538,6,Ligia,Virginia,Tanya,Sarita
2336,5522,6,Elba,Jeannette,Antonietta,Arlie
10373,10396,6,Jamel,Hunter,Mammie,Joaquina
6372,8411,6,Dedra,Becki,Juliann,Cheryll
1089,6154,6,Lenny,Melia,Pauletta,Shenna
167,9258,7,Mona,Kassandra,Summer,Rochel
10756,10798,6,Raylene,Lakesha,Demetrius,Danny
11136,11183,7,Moses,Anette,Stephane,Deja
10449,953,6,Gricelda,Franklin,Eddie,Laine
1955,9906,6,Toi,Karlyn,Kathryn,Rosalba
7951,9988,6,Elwanda,Ethelene,Oralee,Arminda
2185,4749,7,Rae,Chas,Antonio,Katy
2108,5209,6,Eliseo,Oliver,Nieves,Nilsa
3432,6987,6,Florine,Dona,Christene,Lane
10576,8596,6,Candie,Ana,Siu,Loreta
4363,9777,6,Rafael,Yvette,Arthur,Louie
11888,4732,6,Madalyn,Jarvis,Yevette,Eufemia
8684,9127,6,Lena,Cherilyn,Victor,Tamica
10975,1218,6,Porsha,Julian,Francoise,Marybeth
8684,9421,6,Lena,Cherilyn,Kortney,Flossie
2171,435,6,Debbra,Melanie,Tiffani,Frances
12553,12570,6,Stewart,Son,Danyell,Zane
311,4711,6,Neda,Genie,Erminia,Avery
13549,5332,6,Tesha,Bernardina,Bobette,Laurice
12323,13296,6,Marry,Hollie,Sigrid,Breann
13296,5111,8,Sigrid,Breann,Sharell,Leonia
2588,356,6,Latina,Masako,Ulrike,Johnnie
7721,8446,6,Jenell,Zula,Jeff,Christene
749,750,7,Mindy,Audrie,Keith,Skye
1035,381,6,Laverne,Hiedi,Cristen,Merle
1025,381,7,Erik,Marin,Cristen,Merle
2298,2299,6,Stephani,Tyrell,Katie,Rosana
2862,2870,6,Debbie,Olga,Chuck,Annamae
764,791,6,Marge,Roma,Merri,Juliana
1053,739,6,So,Douglas,Sadye,Rhea
2108,2117,7,Eliseo,Oliver,Telma,Jenee
2315,2335,6,Chandra,Cliff,Shanita,Nettie
2437,2441,6,Charlyn,Wynona,Kayla,Rufus
2734,2759,6,Otha,Genoveva,Jeannetta,Napoleon
2972,2992,6,Lashaun,Debora,Horace,Kathern
3127,3191,6,Kala,Ileana,Zenia,Marianna
3108,3177,6,Lynna,Elizebeth,Petrina,Kristal
230,3184,6,Glenn,Paul,Britany,Jewel
215,650,7,Ouida,Shawnna,Myrtis,Darell
1014,2674,7,Mathilda,Leonarda,Alana,Bobby
3571,3578,7,Ollie,Andrew,Donya,Kip
3851,3883,6,Tana,Karine,Vina,Jewel
4008,4056,6,Francine,Eugenia,Dagmar,Marilee
4009,4013,7,Nelia,Teodoro,Henry,Penny
2626,968,6,Jude,Charis,Camie,Taisha
1817,3120,7,Preston,Nicky,Heidi,Shawn
2759,2939,8,Jeannetta,Napoleon,Jaleesa,Clement
3106,92,6,Kaylene,Nana,Trinidad,Jess
1371,4042,7,Kathlyn,Lorita,Crysta,Mari
1858,2719,6,Bud,Burl,Kendall,Elodia
5416,5484,7,Chin,Claretta,Melody,Shirlene
5443,5484,6,Lindsey,Gidget,Melody,Shirlene
5426,5429,6,Joi,Xavier,Sunday,Catharine
5766,5787,8,Agustina,Clay,Kelly,Tyree
1586,2560,6,Catrina,Jimmy,Cherryl,Kina
6745,6750,6,Jonie,Racheal,Keri,Evelyne
6903,6993,7,Majorie,Ilse,Armanda,Rayna
7001,7068,6,Tenesha,Serina,Margorie,Sharla
7774,7793,6,Addie,Ambrose,Shannon,Isabell
5490,5989,7,Toni,Winnifred,Barton,Aleisha
1569,6876,6,Gemma,Vesta,Rory,Lucien
4076,6776,6,Malka,Margarita,Allison,Alonso
5966,6896,8,Criselda,Nidia,Imogene,Deloras
4627,6773,6,Leigha,Lorita,Alisha,Armand
4421,8132,6,Leanne,Jack,Shawnee,Paz
3735,4468,6,Markita,Krystin,Son,Simone
1493,8045,7,Aleen,Vernon,Fran,Edmund
6338,6507,7,Brittaney,Edie,Mora,Reagan
6365,6507,6,Britteny,Lanora,Mora,Reagan
4036,4483,6,Jong,Delfina,Vilma,Yuk
3443,865,6,Natashia,Aida,Bertie,Jayna
5592,7508,6,Eugenio,Logan,Vickie,Arnette
4611,8979,6,Cristi,Eugenia,Brook,Savanna
9618,9684,7,Rosario,Zora,Cherlyn,Rufina
3859,6622,6,Selene,Denisha,Krista,Gregory
2336,6729,6,Elba,Jeannette,Gisela,Larraine
10422,10446,6,Aleshia,Melida,Senaida,Janett
1389,2857,7,Francesca,Quentin,Son,Ginette
5546,7243,6,Vernon,Alethia,Tricia,Linsey
1917,3741,6,Tangela,Ken,Lorinda,Vern
262,9356,6,Kristeen,Shayna,Gearldine,Danelle
3249,486,7,Bulah,Lashawn,Reginia,Efren
191,4774,6,Jeanice,Tia,Myles,Ivan
1289,5101,7,Jaymie,Fabiola,Herb,Glen
6519,917,6,Neely,Marilu,Anisha,Alaine
2201,3021,7,Ivana,Margit,Ervin,Milda
10267,10616,6,Earnestine,Aisha,Stefany,Nancey
10179,360,6,Jonell,Sheree,Madonna,Whitney
10954,7002,7,Joline,Sommer,Aleida,Allene
2869,3298,6,Leonie,Grazyna,Marlyn,Delilah
210,6024,6,Delilah,Stacee,Leann,Shawn
7076,8424,7,Evelyn,Bethany,Dani,Derick
10516,3119,6,Woodrow,Karla,Demetrice,Celina
10022,1673,6,Rona,Marty,Jeanie,Gladis
10310,8851,6,Lanelle,Emanuel,Eleonor,Adela
10326,4774,7,Adelaida,Tamala,Myles,Ivan
11067,9495,6,Erich,Mary,Vicente,Ruthie
10227,2358,6,Kayce,Fern,Melisa,Claribel
12358,1822,6,Kristle,Julissa,Kami,Ruth
2561,6365,6,Robbi,Suk,Britteny,Lanora
13900,7286,6,Kurt,Cheryle,Angelo,Leon
243,294,6,Carolyn,Rosy,Shaun,James
759,791,6,Peg,Henrietta,Merri,Juliana
740,764,6,Maisha,Piedad,Marge,Roma
337,375,8,Kristofer,Verlie,Tiffaney,Bobbi
716,758,7,Katrice,Hilde,Dorinda,Marcie
2412,2485,7,Katy,Freddie,Lavonne,Geneva
2669,2672,7,Carmel,Filiberto,Octavio,Elmer
4219,4297,6,Maxie,Tran,Ernie,Ha
2600,440,6,Jerome,Columbus,Queen,Rea
2441,3698,6,Kayla,Rufus,Tanesha,James
4512,682,6,Lashon,Inga,Dominique,Minh
3851,4584,8,Tana,Karine,Debera,Michale
2789,2939,6,Kirstin,Eric,Jaleesa,Clement
1314,4016,6,Phyliss,Kendall,Willena,Ann
2789,4080,8,Kirstin,Eric,Tomas,Brant
2717,4399,7,Shannon,Marlyn,Kevin,Nicole
1252,3967,6,Phillip,Janine,Jolyn,Marybeth
1436,3171,6,Fonda,Bud,Willene,Yasmine
1363,1866,7,Addie,Marcia,Blossom,Yahaira
5414,5458,6,Gwendolyn,Kittie,Madelyn,Andree
5412,5466,7,Shaunta,Bula,Shavonda,Fleta
2581,4467,6,Shantel,Efren,Edythe,Dierdre
5509,5584,7,Cassondra,Danyelle,Mikel,Deloise
2939,5423,7,Jaleesa,Clement,Sirena,Nigel
1818,5410,6,Marlon,Towanda,Serena,Elwood
5048,5310,6,Delois,Lasonya,Marion,Letisha
5725,5758,6,Willie,Ilda,Kamala,Delores
4656,4988,7,Eden,Meg,Brian,Lavenia
5946,5952,6,Danae,Bertha,Young,Peter
5481,6016,6,Florrie,Jorge,Caryn,Kellee
4942,6069,6,Ai,Ena,Grover,Kai
4990,6016,6,Concepcion,Renetta,Caryn,Kellee
5443,6069,6,Lindsey,Gidget,Grover,Kai
3527,3937,9,Orville,Caroline,Palmer,Marisela
1548,5434,6,Karly,Concepcion,Jeffie,Inger
7550,7575,7,Ruth,Rosalia,Renae,Ty
7890,7896,6,Ashlee,Cory,Remedios,Jere
1762,863,6,Dino,Rita,Alyse,Shalanda
7872,8158,6,Camilla,Haywood,France,Percy
3503,8158,7,Mammie,Rolland,France,Percy
5869,9050,6,Bud,Alecia,Rosalva,Lyle
9601,9679,6,Liana,Michel,Asha,Louella
7898,8724,6,Allan,Evie,Young,Lucas
8228,8598,6,Rigoberto,Tenesha,Carolyne,Terica
3064,3187,6,Alysha,Justina,Natashia,Quintin
2841,8260,6,Elisa,Zina,Danae,Johnie
7209,7560,7,Shery,Shella,Elouise,Melany
2231,4202,6,Carole,Adelaide,Maye,Dianne
3536,8614,6,Douglas,Jen,Marlon,Lena
10409,10440,7,Suellen,Caridad,Dreama,Margaretta
10430,10439,8,Billi,Tamala,Lucinda,Lionel
6805,8158,6,Bella,Shira,France,Percy
3802,7810,9,Gwyn,Cherish,Willie,Glen
3021,3223,6,Ervin,Milda,Marietta,Brenton
1505,9522,6,Lavone,Cathi,Jetta,Billy
5459,5669,6,Gia,Elena,Greta,Velda
1927,9828,6,Renea,Brooke,Traci,Natashia
7349,9063,6,Cyndi,Evelia,Toi,Jeromy
2185,7737,6,Rae,Chas,Adriane,Elsy
10048,4363,6,Werner,Rick,Rafael,Yvette
11919,11957,6,Emogene,Dannie,Nidia,Tonie
4827,5748,6,Jaime,Renay,Latricia,Lesha
4827,9127,6,Jaime,Renay,Victor,Tamica
1747,6208,6,Angelique,Liliana,Jone,Dorotha
11450,11633,8,Boyce,Laticia,Scot,Suzann
4496,8642,6,Lilian,Suzi,Katie,Ronald
11211,12323,8,Garry,Nyla,Marry,Hollie
13636,13638,6,Melany,Coleen,Janetta,Roselee
6758,9381,7,Shakita,Anita,Tabitha,Nigel
13215,2565,6,Noella,Clotilde,Vince,Esmeralda
14008,14023,6,Muoi,Claudio,Zelma,Lakenya
12323,356,8,Marry,Hollie,Ulrike,Johnnie
13564,5201,6,Irish,Nicol,Latina,Eleonora
10248,183,7,Robby,Margret,Shona,Junior
324,360,6,Gigi,Edmund,Madonna,Whitney
355,374,6,Man,Astrid,Jeanelle,Mirian
378,381,7,Susanna,Wanita,Cristen,Merle
729,799,6,Henry,Jamika,Gerry,Tarsha
762,764,7,Shenita,Shakira,Marge,Roma
1015,1052,6,Rose,Ali,Marcelino,Oswaldo
1043,308,7,Leonore,Un,Dorthy,Willie
1322,1323,6,Denny,Macie,Katherin,Hassan
1617,1643,6,Cody,Lashell,Mallory,Chris
256,280,6,Miriam,Earlean,Mirtha,Milan
603,649,9,Raymon,Evelin,Doreen,Raymond
761,762,7,Sandi,Adria,Shenita,Shakira
1056,733,6,Julia,Kristyn,Angle,Beatrice
3123,684,7,Mavis,Oretha,Titus,Walker
4012,4017,7,Kristofer,Paige,Lorina,Sanjuanita
2123,272,6,Shonta,Freeda,Kerry,Estefana
2565,624,6,Vince,Esmeralda,Mirian,Marivel
2378,2478,6,Berenice,Eladia,Elfreda,Caleb
4628,4656,7,Earlean,Herlinda,Eden,Meg
1082,2743,6,Lamonica,Kristen,Sulema,Towanda
1250,2790,7,Mark,Jerilyn,Tara,Kali
2759,915,6,Jeannetta,Napoleon,Arnita,Lenard
5122,5156,6,Evia,Nadine,Deshawn,Kourtney
2263,2467,6,Lory,Deshawn,Abe,Rosalia
2993,3120,7,Chan,Kerrie,Heidi,Shawn
5486,5498,7,Stacie,Iliana,Venita,Jamey
5706,5734,8,Nathan,Tina,Lavonna,Albert
3947,752,6,Jimmie,Anthony,Gonzalo,Amado
6064,6096,7,Noel,Angelique,Coleen,Heike
6001,6017,7,Kristi,Jessenia,Mikaela,Phylicia
1617,3991,8,Cody,Lashell,Rusty,Larraine
6572,6585,6,Sue,Beverley,Deonna,Ettie
4734,6503,6,Nydia,Argelia,Ailene,Yoshiko
7662,7685,7,Kayce,Dorethea,Margery,Creola
5769,950,8,Zenia,Markita,Jimmy,Carlo
4249,663,6,Chi,Valeri,Shanda,Daniel
1822,2336,7,Kami,Ruth,Elba,Jeannette
4983,8007,6,Lupita,Jeana,Kali,Valarie
1677,7820,6,Katherina,Vasiliki,Dierdre,Harrison
2906,7082,6,Dedra,Ivana,Kerri,Malia
1831,592,7,Ginette,Shanell,Richard,Mirian
3093,3418,6,Theda,Rodrick,Ernestina,Deandrea
3418,3590,10,Ernestina,Deandrea,Isiah,Tyler
9602,9640,6,Yuette,Stefany,Lisette,Herman
9699,9700,8,Exie,Lester,Peter,Sonny
8078,9363,8,Vicky,Edwin,Floretta,Clorinda
2945,3028,6,Norman,Lurlene,Mary,Jacob
1637,3028,6,Shamika,Maye,Mary,Jacob
3187,4774,6,Natashia,Quintin,Myles,Ivan
288,8165,7,Pamila,Mavis,Austin,Jorge
3153,4552,6,Toney,Mathilde,Mayme,Luvenia
8078,8234,6,Vicky,Edwin,Moon,Sang
191,8260,6,Jeanice,Tia,Danae,Johnie
8998,9410,6,Honey,Nam,Rea,Ariane
11156,11180,6,August,Cassidy,Crissy,Staci
11296,8644,6,Karisa,Hobert,Heike,Suzann
7671,8010,6,Joana,Vaughn,Shaunta,Magda
1562,7801,7,Tonda,Gaye,Julio,Karon
1218,4514,7,Francoise,Marybeth,Erik,Branda
7645,908,6,Francesca,Wilburn,Cherlyn,Claudia
4584,8194,7,Debera,Michale,Leeanna,Felecia
2532,7579,7,Brynn,Joshua,Dalila,Milagro
6111,7191,6,Mathilde,Sol,Adriana,Spring
5096,6777,7,Blythe,Hyon,Tamara,Terresa
10310,10719,6,Lanelle,Emanuel,Rosendo,Toby
12551,12578,6,Torri,Robena,Roderick,Anya
12001,6523,6,Levi,Annmarie,Claud,Kalyn
11353,8961,6,Zula,Julia,Ginny,Clara
14022,14039,6,Precious,Kenneth,Keneth,Werner
716,724,11,Katrice,Hilde,Geri,Marcene
374,740,6,Jeanelle,Mirian,Maisha,Piedad
2567,2570,7,Collette,Jonah,Particia,Barbie
602,649,6,Stephaine,Matthew,Doreen,Raymond
823,827,6,Meta,Belen,Tawanda,Daysi
1922,1967,6,Myles,Jeane,Chanell,Yoshie
2155,2185,7,Verona,Jin,Rae,Chas
2107,2173,6,Crista,Mercedes,Nakesha,Andria
2223,2279,7,Fernando,Carlie,Corine,Melony
2241,2272,6,Quinn,Deana,Vida,Maisie
1074,1696,6,Elbert,Allen,Christiana,Rachelle
3104,3162,7,Dusty,Joan,Barney,Jerry
3141,3149,7,Reita,Logan,Tobi,Rebbeca
299,3104,6,Pamella,Odilia,Dusty,Joan
230,3149,6,Glenn,Paul,Tobi,Rebbeca
3586,3592,6,Ligia,Austin,Cara,Markus
4329,4379,6,Kyong,Anastacia,Cherish,Lettie
2992,905,8,Horace,Kathern,Terrie,Gisela
3707,867,7,Tristan,Marian,Kala,Silvia
4011,4373,6,Abby,Sonia,Malissa,Sherika
4607,4674,11,Cristie,Mercedez,Zenia,Nickie
1616,3015,6,Kiyoko,Gertha,Aiko,Noelia
1314,1464,6,Phyliss,Kendall,Margherita,Arica
2759,930,6,Jeannetta,Napoleon,Lamar,Raymonde
4373,930,6,Malissa,Sherika,Lamar,Raymonde
1464,4012,7,Margherita,Arica,Kristofer,Paige
407,4399,8,Sari,Necole,Kevin,Nicole
4930,4944,6,Coralee,Cathrine,Colleen,Solomon
239,3357,7,Moira,Leana,Earleen,Shena
5464,5490,6,Yasmin,Meta,Toni,Winnifred
407,5468,6,Sari,Necole,Rosia,Leonia
2408,5671,6,Bailey,Tiny,Many,Retha
5769,5771,7,Zenia,Markita,Corina,Letha
2509,3920,6,Cassondra,Jude,Josphine,France
5926,5944,6,Rae,Millard,Hanna,Elva
4942,6039,6,Ai,Ena,Darlene,Lesley
2717,6071,6,Shannon,Marlyn,Lemuel,Natalia
5423,6097,7,Sirena,Nigel,Willetta,Mathew
1783,6317,6,Norene,Kelly,Miguel,Sherley
5792,5922,7,Merideth,Hilario,Virgil,Carie
7868,7872,8,Stefani,Fiona,Camilla,Haywood
8089,8093,7,Raelene,Aja,Sang,Kevin
5435,8013,7,Juli,Clemencia,Mafalda,Tyra
3171,4280,6,Willene,Yasmine,Eden,Karmen
4034,4611,6,Thalia,Maurice,Cristi,Eugenia
4670,4850,6,Twanda,Elfrieda,Gretta,Farrah
1208,7866,8,Walton,Lynda,Edra,Lawerence
2926,7039,6,Vicky,Patrica,Ignacia,Christin
1747,3963,8,Angelique,Liliana,Benita,Gemma
3735,7820,6,Markita,Krystin,Dierdre,Harrison
2685,4972,7,Margaret,Curt,Cameron,Waltraud
5584,7866,6,Mikel,Deloise,Edra,Lawerence
5795,8461,7,Antoinette,Ayana,Keely,Jo
9410,9441,7,Rea,Ariane,Annalisa,Luanna
3432,4121,6,Florine,Dona,Jin,Lucius
1444,8563,6,David,Louella,Lonna,Oralee
2345,8260,7,Catherin,Hilario,Danae,Johnie
4827,6208,8,Jaime,Renay,Jone,Dorotha
6478,8658,6,Romona,Vena,Agnes,Sally
10325,10394,6,Sacha,Venice,Rico,Charity
10325,7243,8,Sacha,Venice,Tricia,Linsey
3356,4552,6,Danette,Annemarie,Mayme,Luvenia
1917,8048,7,Tangela,Ken,Basil,Jean
8609,9300,6,Trula,Alexia,Estelle,Katie
5081,8006,6,Rochelle,Cathi,Melissa,Lyndia
5533,9068,6,Santina,Rosella,Nga,Bettie
10701,10719,7,Percy,Wilton,Rosendo,Toby
10712,10737,6,Bettye,Loma,Malia,Shanita
10651,9418,6,Chasidy,Antoinette,Synthia,Palma
6777,75,8,Tamara,Terresa,Zonia,Evon
5669,7349,6,Greta,Velda,Cyndi,Evelia
2495,4650,6,Anibal,Vicenta,Natashia,Madalene
10975,5459,6,Porsha,Julian,Gia,Elena
7162,8299,6,Alfonso,Dinah,Jeffrey,Rosalind
2489,7098,6,Kirk,Lizbeth,Patrica,Georgann
2174,5696,6,Evita,Ethelene,Margarete,Filomena
6827,9977,6,Sanda,Sharell,Vergie,Julian
1079,6471,6,Laverne,Lucinda,Alissa,Tona
10024,6208,7,Tanja,Delaine,Jone,Dorotha
10015,1860,6,Jonathon,Jerrod,Cythia,Emerson
12553,12586,7,Stewart,Son,Maranda,Cinderella
8197,9441,6,Anton,Yukiko,Annalisa,Luanna
4854,7744,7,Sharan,Debroah,Julee,Dennis
9540,9994,7,Rhoda,Gavin,Sylvie,Juliana
12747,12764,6,Aja,Alexis,Ludie,Desire
8446,9101,6,Jeff,Christene,Luigi,Tyron
2125,9505,6,Winifred,Vivienne,Katelyn,Vanetta
6336,9217,6,Lashaunda,Robbie,Verena,Josefine
7846,8529,6,Albina,Jacques,Mike,Cortney
12600,12841,6,Ranee,Rosena,Ashlyn,Leif
13296,4685,7,Sigrid,Breann,Ellen,Eugene
130,141,6,Adrianna,Odis,Ester,Larraine
704,740,6,Ginger,Lucius,Maisha,Piedad
750,774,6,Keith,Skye,Elvera,Margert
366,763,6,Carman,Meghan,Will,Chanelle
205,266,6,Sean,Chase,Reginia,Deangelo
334,392,7,Hubert,Minh,Cory,Ebonie
645,646,6,Ronni,Cornelius,Candice,Lawana
727,749,6,Ulysses,Terrance,Mindy,Audrie
1056,739,6,Julia,Kristyn,Sadye,Rhea
1542,1561,8,Tatiana,Anette,Treasa,Donna
1947,1951,6,Trista,Raymond,Raina,Glynda
1913,1967,6,Reda,Elza,Chanell,Yoshie
2408,2431,6,Bailey,Tiny,Diana,Alysha
3440,763,7,Ludivina,Kathe,Will,Chanelle
4025,4066,7,Arden,Glinda,Mandi,Latrina
1608,2501,6,Misti,Cornelius,Margery,Christopher
1221,1570,6,Davina,Cinda,Ailene,Caprice
292,701,6,Samira,Lakita,Laverne,Janyce
2939,928,9,Jaleesa,Clement,Lanelle,Belle
4611,4630,7,Cristi,Eugenia,Pearlene,Toya
4611,4656,6,Cristi,Eugenia,Eden,Meg
2511,2759,9,Verona,Bobbie,Jeannetta,Napoleon
2867,930,6,Nathanial,Dusti,Lamar,Raymonde
1818,2939,6,Marlon,Towanda,Jaleesa,Clement
1314,1696,6,Phyliss,Kendall,Christiana,Rachelle
1903,3370,7,Charles,Hellen,Freddie,Jacqueline
3295,631,6,Pearline,In,Miranda,Astrid
1371,4399,7,Kathlyn,Lorita,Kevin,Nicole
1666,4009,7,Ronnie,Melissia,Nelia,Teodoro
388,622,6,Angila,Tyrone,Alfredo,Lauralee
1350,3645,6,Erin,Susanna,Darwin,Billye
1343,3698,6,Bennett,Staci,Tanesha,James
3435,749,6,Freida,Lauri,Mindy,Audrie
3442,721,6,Livia,Laquanda,Yun,Cecily
5436,5499,7,Romelia,Doreatha,Debbie,Deborah
5481,5484,6,Florrie,Jorge,Melody,Shirlene
5498,928,6,Venita,Jamey,Lanelle,Belle
1976,2074,6,Johnna,Jesenia,Shelia,Queen
5744,5798,10,Kyung,Alexia,Rene,Shanell
5734,5744,8,Lavonna,Albert,Kyung,Alexia
5731,5779,7,Joanna,Melia,Moshe,Cassondra
5912,5982,6,Jerry,Basilia,Lavina,Sol
6049,6069,7,Jeanne,Mee,Grover,Kai
4607,6064,6,Cristie,Mercedez,Noel,Angelique
2759,6069,6,Jeannetta,Napoleon,Grover,Kai
3576,6064,7,Elliott,Rivka,Noel,Angelique
6853,6869,6,Tiffaney,Evia,Juan,Arnette
6869,6874,6,Juan,Arnette,Yvette,Jene
6825,6870,6,Conchita,Ike,Tama,Bok
2802,7597,6,Suzi,Corliss,Mayola,Jaime
2383,3238,6,Gabriella,Sueann,Lenora,Zola
2569,4854,7,Trisha,Lyndsay,Sharan,Debroah
3477,8037,6,Adell,Joi,Ha,Ceola
5716,6003,6,Evan,Shaunda,Luis,Thaddeus
7082,8353,6,Kerri,Malia,Davis,Williams
3590,8209,7,Isiah,Tyler,Malcolm,Booker
3292,4035,6,Nidia,Denis,Librada,Kenny
7680,917,6,Jamie,Iluminada,Anisha,Alaine
2906,7820,6,Dedra,Ivana,Dierdre,Harrison
4556,7640,6,Johnson,Drusilla,Frank,Rochel
7811,8981,6,Kelle,Marquitta,Cecille,Tommie
5423,6750,7,Sirena,Nigel,Keri,Evelyne
8502,8826,6,Fae,Gennie,Romona,Clark
10089,10097,6,Cindie,Herminia,Britany,Hillary
4553,4852,7,Madelyn,Doloris,Margurite,Audrey
392,4034,8,Cory,Ebonie,Thalia,Maurice
174,2354,6,Mariel,Harley,Nancey,Tiffanie
2090,8262,6,Marcella,Chadwick,Arianna,Louann
5330,7898,6,Aletha,Gertrude,Allan,Evie
4820,5503,6,Olene,Terry,Shandi,Chong
10322,10389,6,Sanford,Karol,Alberto,Nu
5668,8048,6,Gladis,Earlene,Basil,Jean
2068,9410,6,Yolande,Pete,Rea,Ariane
10568,9956,6,Houston,Jonathan,Jamee,Tyson
8257,9068,6,Alease,Dorris,Nga,Bettie
1927,6783,6,Renea,Brooke,Kristan,Germaine
736,7579,6,George,Loura,Dalila,Milagro
6024,8912,6,Leann,Shawn,Lani,Alecia
10023,3851,6,Dave,Felicidad,Tana,Karine
7076,736,6,Evelyn,Bethany,George,Loura
4217,5696,6,Cindi,Alix,Margarete,Filomena
11917,2185,6,Gerry,Clayton,Rae,Chas
11917,9441,8,Gerry,Clayton,Annalisa,Luanna
11833,1263,6,Jame,Latia,Ernest,Antwan
1747,8368,6,Angelique,Liliana,Reggie,Wm
10478,6458,6,Daisey,Bobbye,Heather,Audrea
10283,9522,6,Samella,Donella,Jetta,Billy
10196,2068,6,Son,Frederic,Yolande,Pete
2385,8964,7,Vincenza,Elease,Paul,Kati
12570,12586,6,Danyell,Zane,Maranda,Cinderella
12516,12570,6,Alfreda,Mitchell,Danyell,Zane
4770,9974,6,Jeannetta,Mirella,Betty,Alex
1099,11326,7,Cythia,Layne,Darwin,Alejandro
8529,9355,9,Mike,Cortney,Addie,James
10229,1539,6,Amparo,Tamisha,Johnathon,Jade
2548,9540,6,Danyell,Otto,Rhoda,Gavin
381,385,6,Cristen,Merle,Gladis,Cassondra
529,595,7,Ellis,Fiona,Vonda,Brandy
364,760,7,Donya,Stephan,Vernia,Mui
308,778,6,Dorthy,Willie,Micah,Palmer
1918,1984,6,Breann,Cordie,Marianela,Ned
2273,2293,6,Ocie,Coleen,Donald,Mandi
2279,2284,6,Corine,Melony,Ila,Joel
126,130,7,Simona,Alesia,Adrianna,Odis
610,650,8,Garnett,Shila,Myrtis,Darell
605,659,8,Levi,Steven,Marget,Karlyn
1247,1276,6,Terra,Nicole,Fairy,Ta
2539,2563,6,Abram,Arianna,Earlean,Leila
2988,2992,6,Basil,Sherita,Horace,Kathern
3414,3491,6,Wen,Dwana,Olen,Janna
1569,2608,7,Gemma,Vesta,Tiffiny,Bibi
2867,4316,7,Nathanial,Dusti,Senaida,Shawna
5304,5375,6,Justin,Felecia,Kymberly,Karan
1025,831,6,Erik,Marin,Magali,Mitch
5495,5499,6,Laurine,Alesha,Debbie,Deborah
5463,5477,6,Gino,Billy,Nicky,Sherman
5419,5429,6,Idella,Miki,Sunday,Catharine
4009,5426,9,Nelia,Teodoro,Joi,Xavier
4080,5421,6,Tomas,Brant,Sharri,Eden
2789,5495,6,Kirstin,Eric,Laurine,Alesha
2146,4420,6,Ernestine,Fletcher,Tomi,Vince
4412,6063,6,Kerri,Brenna,Gwyn,Catharine
5491,6069,6,Aaron,Tamar,Grover,Kai
4316,6071,6,Senaida,Shawna,Lemuel,Natalia
1342,7539,6,Lanora,Shawnda,Karan,Lois
7606,7645,6,Paulita,Louella,Francesca,Wilburn
5795,5989,7,Antoinette,Ayana,Barton,Aleisha
2975,5953,6,Val,Evelynn,Doria,Bobbye
3278,7039,10,Rochelle,Letha,Ignacia,Christin
3367,4632,8,Priscilla,Corie,Jacklyn,Christia
477,6064,6,Mitsuko,Glennie,Noel,Angelique
3576,6854,6,Elliott,Rivka,Nga,Louanne
6813,7866,8,Melissa,Kari,Edra,Lawerence
1677,2857,9,Katherina,Vasiliki,Son,Ginette
7662,8158,9,Kayce,Dorethea,France,Percy
7662,7820,7,Kayce,Dorethea,Dierdre,Harrison
1747,8684,9,Angelique,Liliana,Lena,Cherilyn
7510,7772,6,Pinkie,Karrie,Ressie,Eulah
1769,6857,8,Lisha,Delmer,Donte,Whitley
7505,7810,8,Tonette,Sidney,Willie,Glen
9317,9381,6,Tracy,Tai,Tabitha,Nigel
1860,2054,6,Cythia,Emerson,Shawnee,Bret
2231,4451,7,Carole,Adelaide,Celesta,Lita
5233,8197,6,Ira,Terresa,Anton,Yukiko
9453,9822,6,Monnie,Kena,Carl,Ima
10525,10561,6,Pura,Madalyn,Magdalena,Clelia
10325,3153,6,Sacha,Venice,Toney,Mathilde
4177,6878,6,Justine,Traci,Zoe,Tajuana
7373,8596,6,Marisha,Titus,Siu,Loreta
5538,9223,6,Tanya,Sarita,Chae,Kerstin
1715,2345,6,Carmel,Ronnie,Catherin,Hilario
1715,2354,7,Carmel,Ronnie,Nancey,Tiffanie
10806,10833,6,Cyrus,Buster,Elmer,Elina
11137,11193,6,Vanda,Florrie,Johnsie,Andrew
11136,11156,6,Moses,Anette,August,Cassidy
1266,9404,6,Sherwood,Leann,Janet,Marivel
6113,8562,8,Ivory,Filiberto,Rheba,Melina
2544,3223,6,Annamae,Marva,Marietta,Brenton
11276,620,6,Kathy,Ernesto,Katlyn,Renita
7656,9127,6,Kraig,Angle,Victor,Tamica
2869,7007,6,Leonie,Grazyna,Katharyn,Rolande
10862,6823,6,Margie,Mariano,Libbie,Arletta
10016,9659,6,Jenniffer,Perla,Dodie,Cherise
10536,8299,6,Norbert,Anneliese,Jeffrey,Rosalind
6447,8562,6,Brigitte,Jodie,Rheba,Melina
6471,9395,6,Alissa,Tona,Nancie,Gonzalo
4917,9127,6,Stephnie,Christia,Victor,Tamica
11171,6591,6,Clayton,Sanjuana,Guadalupe,Kristal
11262,7877,6,Ninfa,Damion,Waylon,Jeffery
10989,12881,6,Shirl,Beatriz,Christoper,Lisabeth
13218,13296,6,Samuel,Eleonor,Sigrid,Breann
12841,628,6,Ashlyn,Leif,Rosalina,Lavinia
13781,5380,7,Belinda,Ludivina,Odell,Deon
10605,7721,6,Glen,Wilda,Jenell,Zula
724,746,9,Geri,Marcene,Russ,Laticia
374,759,6,Jeanelle,Mirian,Peg,Henrietta
368,763,7,Bart,Naomi,Will,Chanelle
368,760,7,Bart,Naomi,Vernia,Mui
1646,1677,9,Benito,Merrilee,Katherina,Vasiliki
731,758,7,Marchelle,Alvaro,Dorinda,Marcie
848,868,6,Marya,Eliana,Tomas,Deann
1045,360,6,Maryjane,Mercedez,Madonna,Whitney
1986,1999,6,Katelynn,Hye,Lucilla,Ilda
255,650,6,Earl,Amira,Myrtis,Darell
3535,3568,6,Terresa,Miki,Kimberley,Lorine
3746,3772,7,Marcella,Rufina,Sherell,Loris
3802,3887,6,Gwyn,Cherish,Liberty,Delma
4012,4025,7,Kristofer,Paige,Arden,Glinda
272,603,6,Kerry,Estefana,Raymon,Evelin
2539,490,7,Abram,Arianna,Deane,Vanessa
4224,4248,6,Jina,Della,Dong,Catina
2068,2454,7,Yolande,Pete,Lorrie,Robbie
4066,4309,6,Mandi,Latrina,Bebe,Ivelisse
1432,2776,8,Jerrie,Marilou,Cortez,Morton
2645,3967,7,Fannie,Kyra,Jolyn,Marybeth
5325,5396,6,Dorine,Selina,Caron,Versie
2295,3698,6,Naomi,Earl,Tanesha,James
5401,5436,6,Santana,Theo,Romelia,Doreatha
2495,5669,6,Anibal,Vicenta,Greta,Velda
5744,5771,9,Kyung,Alexia,Corina,Letha
1884,3576,7,Juliane,Candance,Elliott,Rivka
5907,5982,7,Evelynn,Jimmie,Lavina,Sol
6069,6096,7,Grover,Kai,Coleen,Heike
6063,6064,8,Gwyn,Catharine,Noel,Angelique
5481,6039,7,Florrie,Jorge,Darlene,Lesley
2717,6001,8,Shannon,Marlyn,Kristi,Jessenia
7253,7291,8,Johnnie,Domenica,Pam,Edward
7363,7381,6,Joe,Barbra,Mervin,Gerardo
7439,7495,6,Windy,Cristopher,Emil,Chung
7603,7680,6,Darrell,Particia,Jamie,Iluminada
8024,8045,7,Neva,Everette,Fran,Edmund
8402,8411,7,Karan,Shin,Juliann,Cheryll
3442,4280,6,Livia,Laquanda,Eden,Karmen
3102,6956,6,Salena,Lisette,Edmundo,Maryjane
3735,8190,7,Markita,Krystin,Elida,Danelle
1169,4389,6,Jeannie,Saturnina,Danyell,Robin
1677,6813,10,Katherina,Vasiliki,Melissa,Kari
5411,7866,7,Martha,Carina,Edra,Lawerence
7640,822,6,Frank,Rochel,Vicenta,Theodore
2150,595,6,Lesa,Mallory,Vonda,Brandy
1208,5584,6,Walton,Lynda,Mikel,Deloise
9505,9507,7,Katelyn,Vanetta,Consuela,Earl
2234,855,6,Zenaida,Vanna,Angelic,Lowell
6447,6707,6,Brigitte,Jodie,Anitra,Dyan
148,8729,6,Karma,Minh,Diana,Jamey
1434,182,6,Maura,Shawanna,Tomas,Bonny
7898,9645,6,Allan,Evie,Taren,Eddie
5867,6382,6,Luise,Raymond,Arica,Yolonda
10535,10536,7,Felton,Ivory,Norbert,Anneliese
10377,6805,6,Duncan,Carolee,Bella,Shira
5081,8257,6,Rochelle,Cathi,Alease,Dorris
2065,8679,6,Markita,Sachiko,Julianna,Elmira
7747,8679,8,Venessa,Latrice,Julianna,Elmira
7373,8679,6,Marisha,Titus,Julianna,Elmira
1715,2024,6,Carmel,Ronnie,Loma,Janet
10767,10796,7,Eula,Carlyn,Renetta,Nakesha
11529,11542,6,Arthur,Markus,Bari,Danuta
11243,9954,6,Cassondra,Candra,Darron,Janna
3851,4580,6,Tana,Karine,Benton,Janetta
479,9282,6,Maryanna,Katlyn,Winter,Kira
10762,501,6,Lamont,Hye,Narcisa,Berry
1464,2185,6,Margherita,Arica,Rae,Chas
11276,8353,6,Kathy,Ernesto,Davis,Williams
10310,10702,6,Lanelle,Emanuel,Megan,Vernell
3542,75,6,Gerry,Casey,Zonia,Evon
8463,9973,6,Jeni,Gale,Ernesto,Marybeth
6050,6823,7,Stefan,Rosy,Libbie,Arletta
7099,7661,6,Kasey,Mandie,Vickey,Daryl
726,743,6,Un,Karrie,Tyler,Fernando
2405,2407,6,Opal,Murray,Kieth,Jonie
2252,2285,6,Stanton,Andera,Yulanda,Juliet
2246,2298,6,Dorsey,Grady,Stephani,Tyrell
2939,2969,11,Jaleesa,Clement,Joya,Kizzy
3120,613,6,Heidi,Shawn,Palmer,Yuonne
4052,4080,7,Jannette,Wilma,Tomas,Brant
4016,4080,8,Willena,Ann,Tomas,Brant
2922,904,6,Paula,Selene,Maynard,Fred
4587,4590,6,Queen,Newton,Deirdre,Adele
4025,4373,6,Arden,Glinda,Malissa,Sherika
4674,4700,7,Zenia,Nickie,Lael,Velvet
184,3120,7,Farrah,Myron,Heidi,Shawn
1482,2759,7,Antoine,Laila,Jeannetta,Napoleon
1484,407,9,Rudy,Maybell,Sari,Necole
2783,930,7,Chantelle,Adolph,Lamar,Raymonde
4052,930,6,Jannette,Wilma,Lamar,Raymonde
1343,3679,6,Bennett,Staci,Tamara,Dovie
5448,5466,6,Wesley,Tanika,Shavonda,Fleta
5436,5471,6,Romelia,Doreatha,Julietta,Jovan
5426,5448,7,Joi,Xavier,Wesley,Tanika
407,5484,6,Sari,Necole,Melody,Shirlene
4399,5456,8,Kevin,Nicole,Joy,Pamelia
2789,5421,6,Kirstin,Eric,Sharri,Eden
5706,5769,8,Nathan,Tina,Zenia,Markita
5797,5800,6,Mason,Denita,Michele,Mellissa
5720,5769,8,Tanya,Harriet,Zenia,Markita
1643,4542,6,Mallory,Chris,Shannan,Farrah
6069,6075,7,Grover,Kai,Elouise,Duncan
6001,6016,7,Kristi,Jessenia,Caryn,Kellee
5771,959,6,Corina,Letha,Lauralee,Lexie
8137,8197,6,Lewis,Rosalee,Anton,Yukiko
5966,6827,7,Criselda,Nidia,Sanda,Sharell
7192,7437,6,Sammy,Vickie,Dionne,Ivette
1504,394,6,Cinda,Kourtney,Lenita,Elinor
3777,6937,6,Lessie,Deanne,Keeley,Elliot
1208,2926,7,Walton,Lynda,Vicky,Patrica
3330,7820,7,Zella,Bennett,Dierdre,Harrison
6180,8257,6,Giuseppe,Natacha,Alease,Dorris
3703,6293,6,Freddie,Corene,Irene,Lesia
4627,5509,7,Leigha,Lorita,Cassondra,Danyelle
2354,484,6,Nancey,Tiffanie,Roosevelt,Stephania
5522,6729,8,Antonietta,Arlie,Gisela,Larraine
4820,5522,9,Olene,Terry,Antonietta,Arlie
2231,5503,6,Carole,Adelaide,Shandi,Chong
5668,9466,6,Gladis,Earlene,Bryon,Janett
7209,8260,6,Shery,Shella,Danae,Johnie
258,9068,7,Emmaline,Marcelle,Nga,Bettie
11275,1464,7,Pricilla,Laurel,Margherita,Arica
11834,11895,6,Larissa,Annabel,Leesa,Nikita
4543,4641,6,Ardis,Karma,Lala,Tomeka
11007,4217,6,Jettie,Latoria,Cindi,Alix
1475,3021,7,Ashly,Josue,Ervin,Milda
6529,9282,6,Ariel,Lynette,Winter,Kira
10203,10716,6,Mariella,Teressa,Naomi,Zackary
11687,9954,7,Claude,Ollie,Darron,Janna
13557,13594,7,Renda,Lisa,Loan,Maryjo
1772,7209,7,Pandora,Thora,Shery,Shella
308,381,6,Dorthy,Willie,Cristen,Merle
726,799,6,Un,Karrie,Gerry,Tarsha
733,759,8,Angle,Beatrice,Peg,Henrietta
746,766,6,Russ,Laticia,Carlton,Ronnie
1013,1045,6,Eleonor,Wendi,Maryjane,Mercedez
703,737,6,Efrain,Synthia,Chadwick,Carlita
727,773,7,Ulysses,Terrance,Tracey,Jessie
752,764,6,Gonzalo,Amado,Marge,Roma
2408,2422,6,Bailey,Tiny,Teresa,Katia
3523,3568,6,Cassy,Sherlyn,Kimberley,Lorine
1498,1853,6,Patria,Russell,Jamaal,Gladys
4217,4245,6,Cindi,Alix,Sammy,Cody
3439,673,6,Erline,Markita,Clinton,Carmina
4516,4575,6,Dorsey,Jerica,Hildegard,Antonetta
4042,4373,6,Crysta,Mari,Malissa,Sherika
4066,4395,6,Mandi,Latrina,Lannie,Majorie
4080,4353,6,Tomas,Brant,Brittanie,Taryn
2867,975,9,Nathanial,Dusti,Tracy,Marlin
173,2446,6,Jennine,Blondell,Vanessa,Adele
4017,915,6,Lorina,Sanjuanita,Arnita,Lenard
1818,4309,6,Marlon,Towanda,Bebe,Ivelisse
1818,4373,6,Marlon,Towanda,Malissa,Sherika
4042,407,8,Crysta,Mari,Sari,Necole
5410,5420,6,Serena,Elwood,Elodia,Nadia
5711,5795,6,Rufina,Dante,Antoinette,Ayana
311,3957,6,Neda,Genie,Doreatha,Trinity
1378,4728,6,Mari,Melinda,Eilene,Mertie
1884,4316,6,Juliane,Candance,Senaida,Shawna
2759,6016,6,Jeannetta,Napoleon,Caryn,Kellee
4364,6053,6,Cuc,Odell,Lavelle,Athena
6817,6864,6,Shayne,Eartha,Marylyn,Nolan
7816,7892,6,Deloris,Lavonda,Cherri,Donna
1182,2926,6,Joellen,Linnea,Vicky,Patrica
1329,4072,6,Krysten,Reagan,Loriann,Rebecka
3356,7505,9,Danette,Annemarie,Tonette,Sidney
6294,8411,6,Dan,Garry,Juliann,Cheryll
3405,6931,7,Johna,Ollie,Adriane,Dovie
2906,7662,7,Dedra,Ivana,Kayce,Dorethea
3590,901,6,Isiah,Tyler,Mabel,Mitzi
2776,8353,6,Cortez,Morton,Davis,Williams
3590,5509,6,Isiah,Tyler,Cassondra,Danyelle
8089,8461,7,Raelene,Aja,Keely,Jo
4441,6805,6,Robbin,Isiah,Bella,Shira
6560,8729,7,Rosy,Isabella,Diana,Jamey
5522,7898,7,Antonietta,Arlie,Allan,Evie
1715,4820,9,Carmel,Ronnie,Olene,Terry
10389,4850,8,Alberto,Nu,Gretta,Farrah
5546,5668,6,Vernon,Alethia,Gladis,Earlene
5668,9098,6,Gladis,Earlene,Criselda,Serita
5081,8584,6,Rochelle,Cathi,Emil,Laure
1769,2201,6,Lisha,Delmer,Ivana,Margit
3243,4293,6,Rae,Titus,Myrl,Linnea
11883,11898,6,Sherly,Glenn,Marvella,Mai
1064,1378,6,Jerry,Gary,Mari,Melinda
1413,8299,6,Carlee,Timmy,Jeffrey,Rosalind
11098,6418,6,Lenore,Sunshine,Concha,Ethel
10446,2684,6,Senaida,Janett,Sabrina,Arlen
218,6165,6,Shakia,Anabel,Dahlia,Deloise
10716,6777,6,Naomi,Zackary,Tamara,Terresa
10702,8851,6,Megan,Vernell,Eleonor,Adela
559,8514,6,Ute,Alexis,Micheal,Yevette
6857,7555,6,Donte,Whitley,Gladys,Mahalia
10802,6347,6,Jeana,Larita,Laurie,Beaulah
6293,8057,6,Irene,Lesia,Valda,Arthur
13822,18,6,Jannet,Kyung,Rebecca,Dorathy
